pdb_id,pair_i,pair_j,diff_type
2UUB,1177,1182,missing
2UUB,1033,1182,extra
2UXB,671,673,missing
2UXB,671,674,extra
2VQF,1283,1308,extra
2XNZ,59,73,extra
2YIE,97,121,extra
3F2Q,96,110,extra
3F2W,96,110,extra
3F2X,96,110,extra
3F2Y,96,110,extra
3F30,96,110,extra
3F4E,97,122,extra
3F4G,97,121,extra
3F4H,97,120,extra
3FO6,33,37,missing
3FO6,60,68,missing
3FO6,37,68,extra
3GOG,32,36,missing
3GOG,59,66,missing
3GOG,36,66,extra
3SD3,35,42,missing
3SD3,42,95,extra
3SUH,58,104,extra
3SUX,58,103,extra
4WB3,219,234,missing
4WB3,259,274,missing
5HBW,1,15,extra
5HBW,8,16,extra
5HBX,1,58,extra
5HBX,2,57,extra
5HBX,15,60,extra
5HBX,16,59,extra
5HBX,29,62,extra
5HBX,30,61,extra
5HBX,43,64,extra
5HBX,44,63,extra
5KRG,1,63,extra
5KRG,31,61,extra
5KRG,46,64,extra
5L4O,8,14,missing
5L4O,8,22,extra
5M73,1,144,missing
5NFV,1349,1366,extra
5UX3,8,26,extra
5UX3,9,34,extra
5UZ6,7,26,extra
5UZ6,40,59,extra
5UZ6,73,92,extra
5V0H,1,32,extra
5V0H,16,31,extra
5V0J,1,30,extra
5V0J,2,29,extra
5V0J,15,33,extra
5V0J,16,32,extra
5V9Z,9,34,extra
5VCF,14,35,extra
5VCI,14,35,extra
6L74,3510,3514,missing
6SPC,503,520,missing
6SPC,507,516,missing
6SPC,503,506,extra
6SPC,507,520,extra
6T3K,58,444,extra
6T3N,126,248,missing
6T3N,248,422,extra
6T3S,126,247,missing
6T3S,247,423,extra
6U6J,1,32,extra
6U6J,16,31,extra
6UC9,33,37,missing
6UC9,60,76,missing
6UC9,37,76,extra
6UPZ,10,27,extra
7OAV,8,35,missing
7OAV,11,41,missing
7OAV,8,11,extra
7OAV,35,41,extra
7Q4O,68,71,missing
7QIY,59,292,missing
7TZR,111,113,missing
7TZR,31,161,extra
7TZR,111,165,extra
7TZS,31,161,extra
7TZS,111,170,extra
7U88,16,31,extra
7U89,1,31,extra
7U8A,1,35,extra
7U8B,16,31,extra
7UO1,269,284,missing
7WI9,17,51,extra
7WIB,17,51,extra
7WIE,17,51,missing
7WIE,38,51,extra
7WIF,17,51,extra
7WII,38,51,extra
7WV3,2675,2830,missing
7WV3,2676,2829,missing
7WV3,2709,2796,missing
7WV3,2747,2758,missing
7WV3,2750,2755,missing
7WV3,2747,2757,extra
7ZAG,8,874,missing
7ZAG,5128,5134,missing
7ZAG,8,15,extra
7ZAG,5134,5142,extra
7ZAH,8,874,missing
7ZAH,8,15,extra
7ZAI,8,874,missing
7ZAI,8,15,extra
8ANE,2226,2227,missing
8ANE,2270,2271,missing
8U60,58,118,extra
8U60,94,123,extra
8W8N,3503,3530,missing
8XZE,18,54,extra
8XZL,18,54,extra
8XZM,41,59,extra
8XZN,18,54,extra
8XZW,18,54,extra
9AR4,143,1203,missing
9BZC,83,92,extra
9CF0,954,955,extra
9FCO,769,2499,extra
9FHL,15,5501,extra
9FRA,5455,5461,missing
9FRA,1051,5627,extra
9FRA,5461,5469,extra
9FRK,5441,5447,missing
9FRK,5447,5455,extra
9FRL,4609,4615,missing
9FRL,1051,5554,extra
9FRL,4615,4623,extra
9FS6,444,5578,extra
9FS6,465,5550,extra
9FS6,1051,5585,extra
9FSF,444,5519,extra
9FSF,465,5489,extra
9FSF,1051,5527,extra
9FSF,1123,5510,extra
9FY0,1051,5638,extra
9GUU,4143,4149,missing
9GUU,4157,4183,missing
9GUU,4149,4157,extra
9GUV,978,1316,missing
9GUV,978,1360,extra
3CW5,8,14,missing
3CW5,14,22,extra
3CW6,8,14,missing
3CW6,14,22,extra
3F2T,96,110,extra
4E8M,16,441,extra
4E8Q,61,441,extra
4E8R,320,452,missing
4E8T,56,436,extra
4FAR,58,447,extra
4FAU,61,418,extra
4JYZ,549,555,missing
4JYZ,555,561,extra
4LVV,35,42,missing
4LVV,42,90,extra
4LVV,53,91,extra
4LVX,35,42,missing
4LVX,35,91,extra
4LVX,53,90,extra
4X4Q,920,921,missing
4YHH,47,355,missing
4YHH,357,358,missing
4YHH,47,358,extra
4ZNP,66,140,extra
4ZNP,132,143,extra
5BTP,57,132,extra
5BTP,119,139,extra
5C7W,4,64,extra
5CCB,671,673,missing
5V0O,9,34,extra
6C8I,1,31,extra
6C8I,2,30,extra
6C8I,15,34,extra
6C8I,16,33,extra
6C8J,2,30,extra
6C8J,16,29,extra
6C8N,1,31,extra
6C8N,16,35,extra
6C8O,1,31,extra
6C8O,16,35,extra
6DN1,97,116,extra
6DN2,96,116,extra
6DN3,97,116,extra
6YT9,665,668,missing
6YT9,665,667,extra
6ZXD,1076,1465,missing
6ZXD,1076,1421,extra
7AFD,121,277,missing
7O5H,745,747,missing
7O5H,745,746,extra
7VNV,86,92,missing
7VNV,101,126,missing
7VNV,92,101,extra
8BYV,790,796,missing
8BYV,796,1503,extra
8CEP,769,2390,extra
8CSU,2230,2403,missing
8CSU,2230,2232,extra
8F0N,20,32,missing
8F0N,24,29,missing
8F0N,20,24,extra
8F0N,29,32,extra
8GXC,54,592,missing
8GXC,41,54,extra
8HB1,45,58,missing
8HB1,32,45,extra
8HB3,45,56,missing
8HB3,32,45,extra
8JOZ,265,271,missing
8JOZ,265,266,extra
8JOZ,271,279,extra
8OLY,58,447,extra
8PSX,1367,1392,extra
8PSZ,1371,1410,extra
8QMH,6,25,extra
8TKK,107,108,missing
8VPV,36,37,missing
9CF3,25,27,missing
9CF3,27,29,extra
