pdb_id,pair_i,pair_j,diff_type,bp_type
3CW5,8,14,missing,
3CW5,14,22,extra,
3CW6,8,14,missing,
3CW6,14,22,extra,
3F2T,96,110,extra,
4E8M,16,441,extra,
4E8R,320,452,missing,
4E8Q,61,441,extra,
4E8T,56,436,extra,
4FAU,61,418,extra,
4FAR,58,447,extra,
4JYZ,549,555,missing,
4JYZ,555,561,extra,
4LVV,35,42,missing,
4LVV,42,90,extra,
4LVV,53,91,extra,
4LVX,35,42,missing,
4LVX,35,91,extra,
4LVX,53,90,extra,
4X4Q,920,921,missing,
4ZNP,66,140,extra,
4ZNP,132,143,extra,
4YHH,47,355,missing,
4YHH,357,358,missing,
4YHH,47,358,extra,
5BTP,57,132,extra,
5BTP,119,139,extra,
5C7W,4,64,extra,
5CCB,671,673,missing,
5V0O,9,34,extra,
6C8J,2,30,extra,
6C8J,16,29,extra,
6C8I,1,31,extra,
6C8I,2,30,extra,
6C8I,15,34,extra,
6C8I,16,33,extra,
6C8O,1,31,extra,
6C8O,16,35,extra,
6C8N,1,31,extra,
6C8N,16,35,extra,
6DN1,97,116,extra,
6DN3,97,116,extra,
6DN2,96,116,extra,
6YT9,665,668,missing,
6YT9,665,667,extra,
6ZXD,1076,1465,missing,
6ZXD,1076,1421,extra,
7AFD,121,277,missing,
7O5H,745,747,missing,
7O5H,745,746,extra,
7VNV,86,92,missing,
7VNV,101,126,missing,
7VNV,92,101,extra,
8BYV,790,796,missing,
8BYV,796,1503,extra,
8CEP,769,2390,extra,
8CSU,2230,2403,missing,
8CSU,2230,2232,extra,
8F0N,20,32,missing,
8F0N,24,29,missing,
8F0N,20,24,extra,
8F0N,29,32,extra,
8GXC,54,592,missing,
8GXC,41,54,extra,
8HB1,45,58,missing,
8HB1,32,45,extra,
8HB3,45,56,missing,
8HB3,32,45,extra,
8JOZ,265,271,missing,
8JOZ,265,266,extra,
8JOZ,271,279,extra,
8OLY,58,447,extra,
8PSX,1367,1392,extra,
8PSZ,1371,1410,extra,
8QMH,6,25,extra,
8TKK,107,108,missing,
8VPV,36,37,missing,
9CF3,25,27,missing,
9CF3,27,29,extra,
