pdb_id,chain_id,residue_seq,insertion,residue_name,modern_index,legacy_index,status
6V9Q,K,4,,A,0,-1,MODERN_ONLY
6V9Q,K,6,,A,1,-1,MODERN_ONLY
6V9Q,K,7,,A,2,-1,MODERN_ONLY
6V9Q,K,11,,A,3,-1,MODERN_ONLY
6V9Q,K,13,,A,4,-1,MODERN_ONLY
6V9Q,K,16,,A,5,-1,MODERN_ONLY
6V9Q,K,29,,A,6,-1,MODERN_ONLY
6V9Q,K,39,,A,7,-1,MODERN_ONLY
6V9Q,K,45,,A,9,-1,MODERN_ONLY
6V9Q,K,52,,A,10,-1,MODERN_ONLY
6V9Q,K,1,,C,13,-1,MODERN_ONLY
6V9Q,K,8,,C,14,-1,MODERN_ONLY
6V9Q,K,12,,C,15,-1,MODERN_ONLY
6V9Q,K,17,,C,16,-1,MODERN_ONLY
6V9Q,K,19,,C,17,-1,MODERN_ONLY
6V9Q,K,25,,C,18,-1,MODERN_ONLY
6V9Q,K,28,,C,19,-1,MODERN_ONLY
6V9Q,K,33,,C,20,-1,MODERN_ONLY
6V9Q,K,38,,C,21,-1,MODERN_ONLY
6V9Q,K,3,,G,25,-1,MODERN_ONLY
6V9Q,K,14,,G,26,-1,MODERN_ONLY
6V9Q,K,15,,G,27,-1,MODERN_ONLY
6V9Q,K,18,,G,28,-1,MODERN_ONLY
6V9Q,K,23,,G,29,-1,MODERN_ONLY
6V9Q,K,24,,G,30,-1,MODERN_ONLY
6V9Q,K,32,,G,31,-1,MODERN_ONLY
6V9Q,K,40,,G,32,-1,MODERN_ONLY
6V9Q,K,41,,G,33,-1,MODERN_ONLY
6V9Q,K,43,,G,34,-1,MODERN_ONLY
6V9Q,K,53,,G,37,-1,MODERN_ONLY
6V9Q,K,2,,U,41,-1,MODERN_ONLY
6V9Q,K,5,,U,42,-1,MODERN_ONLY
6V9Q,K,9,,U,43,-1,MODERN_ONLY
6V9Q,K,10,,U,44,-1,MODERN_ONLY
6V9Q,K,20,,U,45,-1,MODERN_ONLY
6V9Q,K,21,,U,46,-1,MODERN_ONLY
6V9Q,K,22,,U,47,-1,MODERN_ONLY
6V9Q,K,26,,U,48,-1,MODERN_ONLY
6V9Q,K,27,,U,49,-1,MODERN_ONLY
6V9Q,K,30,,U,50,-1,MODERN_ONLY
6V9Q,K,31,,U,51,-1,MODERN_ONLY
6V9Q,K,34,,U,52,-1,MODERN_ONLY
6V9Q,K,35,,U,53,-1,MODERN_ONLY
6V9Q,K,36,,U,54,-1,MODERN_ONLY
6V9Q,K,37,,U,55,-1,MODERN_ONLY
6V9Q,K,54,,U,58,-1,MODERN_ONLY
